Features,Not_Interested,Less_Interested,Average,Interested,Highly_Interested
Administrative_page,1,3 ,5 ,7 ,14 
Administrative_Duration,48.8 ,125.8 ,182.1 ,231 ,1558.1 
Informational_page,0 ,0 ,1 ,2 ,7 
Informational_Duration,13.3 ,55.3 ,110.8 ,230.6 ,1034 
ProductRelated_page,13 ,46 ,102 ,226 ,512 
ProductRelated_Duration,374.29 ,1851.6 ,4539 ,10030.9 ,30277.95 
BounceRates,0.029116139,0.008398245,0.006982011,0.006072151,0.004504685
ExitRates,0.052801423,0.023795696,0.021456828,0.019964196,0.018391642
