Cluster Count,Revenue Percentage
8291,11.482330237607044
866,28.63741339491917
2975,21.613445378151262
10,20.0
188,33.51063829787234
